subreddit,main_category,sub_category
gif,culture/art,images/gifs
shittyreactiongifs,culture/art,images/gifs
interestingasfuck,advice/sharing,stories sharing
photoshopbattles,culture/art,images/gifs
wallpapers,culture/art,images/gifs
videos,culture/art,images/gifs
doesanybodyelse,advice/sharing,general_qna
advice,advice/sharing,
casualiama,advice/sharing,general_qna
whowouldwin,video games,
answers,advice/sharing,general_qna
nostupidquestions,advice/sharing,general_qna
samplesize,advice/sharing,general_qna
askwomen,lifestyle,gender/sexuality
askmen,lifestyle,gender/sexuality
confession,advice/sharing,feelings/psyco
talesfromthepizzaguy,advice/sharing,stories sharing
talesfromthefrontdesk,advice/sharing,stories sharing
letsnotmeet,advice/sharing,stories sharing
depression,advice/sharing,mental health
anxiety,advice/sharing,mental health
offmychest,advice/sharing,stories sharing
socialanxiety,advice/sharing,mental health
foodforthought,advice/sharing,
education,education,
applyingtocollege,education,
art,culture/art,images/gifs
learnart,education,social science/humanities
engineeringstudents,education,science/math
howtohack,technology,coding/programing
economics,education,social science/humanities
business,education,social science/humanities
askhistorians,education,social science/humanities
historyporn,education,social science/humanities
law,education,social science/humanities
math,education,science/math
theydidthemath,education,science/math
science,education,science/math
askscience,education,science/math
space,education,science/math
spacex,professional/hobbies,planes
disney,entertainment,movies
anime,entertainment,anime/manga
anime_irl,entertainment,anime/manga
animesuggest,entertainment,anime/manga
pokemon,entertainment,anime/manga
onepiece,entertainment,anime/manga
naruto,entertainment,anime/manga
dbz,entertainment,anime/manga
onepunchman,entertainment,anime/manga
shingekinokyojin,entertainment,anime/manga
yugioh,entertainment,anime/manga
berserk,entertainment,anime/manga
hunterxhunter,entertainment,anime/manga
books,culture/art,books/magazines
hfy,culture/art,books/magazines
suggestmeabook,culture/art,books/magazines
comics,culture/art,books/magazines
polandball,culture/art,books/magazines
marvel,culture/art,books/magazines
Images,culture/art,images/gifs
defenders,entertainment,movies
harrypotter,culture/art,books/magazines
calvinandhobbes,culture/art,books/magazines
xkcd,culture/art,books/magazines
dccomics,culture/art,books/magazines
arrow,culture/art,books/magazines
deadpool,culture/art,books/magazines
kingkillerchronicle,culture/art,books/magazines
asoiaf,culture/art,books/magazines
lotr,culture/art,books/magazines
celebs,entertainment,
elonmusk,entertainment,
lego,entertainment,games
boardgames,entertainment,games
chess,entertainment,games
poker,entertainment,games
dnd,entertainment,games
criticalrole,entertainment,games
magictcg,entertainment,games
cyberpunk,entertainment,games
starwars,entertainment,movies
prequelmemes,entertainment,movies
empiredidnothingwrong,entertainment,movies
google,technology,internet/apps
bannedfromclubpenguin,video games,
discordapp,technology,internet/apps
4chan,technology,internet/apps
okcupid,technology,internet/apps
kotakuinaction,technology,internet/apps
twitch,technology,internet/apps
livestreamfail,technology,internet/apps
blackpeopletwitter,technology,internet/apps
youtube,technology,internet/apps
gamegrumps,video games,video gamers/twitchers
h3h3productions,entertainment,youtube
cgpgrey,entertainment,youtube
yogscast,video games,video gamers/twitchers
jontron,entertainment,youtube
idubbbz,entertainment,youtube
pyrocynical,entertainment,youtube
redlettermedia,entertainment,youtube
loltyler1,video games,video gamers/twitchers
roosterteeth,entertainment,youtube
funhaus,entertainment,youtube
rwby,entertainment,anime/manga
cowchop,entertainment,youtube
movies,entertainment,movies
ghibli,entertainment,movies
marvelstudios,entertainment,movies
batman,entertainment,movies
dc_cinematic,entertainment,movies
music,music,
kanye,music,artists/bands
radiohead,music,artists/bands
kendricklamar,music,artists/bands
gorillaz,music,artists/bands
frankocean,music,artists/bands
donaldglover,music,artists/bands
eminem,music,artists/bands
beatles,music,artists/bands
deathgrips,music,artists/bands
pinkfloyd,music,artists/bands
classicalmusic,music,genres
indieheads,music,genres
outrun,music,genres
electronicmusic,music,genres
hiphopheads,music,genres
metal,music,genres
metalcore,music,genres
kpop,music,genres
funkopop,music,genres
popheads,music,genres
bass,music,instruments
bicycling,sports,
golf,sports,
fishing,entertainment,games
skiing,sports,
tennis,sports,
discgolf,entertainment,games
cricket,sports,
nfl,sports,football
cfb,sports,football
patriots,sports,football
eagles,sports,football
greenbaypackers,sports,football
minnesotavikings,sports,football
baseball,sports,baseball
nba,sports,basketball
warriors,sports,basketball
lakers,sports,basketball
bostonceltics,sports,basketball
torontoraptors,sports,basketball
skateboarding,sports,
longboarding,sports,
formula1,sports,
nascar,sports,
mma,sports,fighting
squaredcircle,sports,fighting
ufc,sports,fighting
hockey,sports,hockey
leafs,sports,hockey
soccer,sports,soccer
mls,sports,soccer
fantasypl,sports,soccer
gunners,sports,soccer
reddevils,sports,soccer
liverpoolfc,sports,soccer
chelseafc,sports,soccer
shield,entertainment,TV
gameofthrones,entertainment,TV
breakingbad,entertainment,TV
thewalkingdead,entertainment,TV
community,entertainment,TV
startrek,entertainment,TV
dundermifflin,entertainment,TV
flashtv,entertainment,TV
trailerparkboys,entertainment,TV
mrrobot,entertainment,TV
strangerthings,entertainment,TV
rupaulsdragrace,entertainment,TV
blackmirror,entertainment,TV
filthyfrank,entertainment,TV
lifeisstrange,entertainment,TV
survivor,entertainment,TV
adventuretime,entertainment,TV
futurama,entertainment,TV
thelastairbender,entertainment,TV
archerfx,entertainment,TV
southpark,entertainment,TV
thesimpsons,entertainment,TV
mylittlepony,entertainment,TV
rickandmorty,entertainment,TV
stevenuniverse,entertainment,TV
bobsburgers,entertainment,TV
bojackhorseman,entertainment,TV
gravityfalls,entertainment,TV
kingofthehill,entertainment,TV
spongebob,entertainment,TV
dbzdokkanbattle,entertainment,TV
doctorwho,entertainment,TV
seinfeld,entertainment,TV
netflixbestof,entertainment,TV
diy,professional/hobbies,make stuff
woodworking,professional/hobbies,make stuff
architecture,professional/hobbies,
worldbuilding,professional/hobbies,
diwhy,professional/hobbies,make stuff
knitting,professional/hobbies,make stuff
crochet,professional/hobbies,make stuff
accounting,professional/hobbies,money
dumpsterdiving,professional/hobbies,make stuff
cubers,entertainment,games
aquariums,culture/art,images/gifs
plantedtank,culture/art,images/gifs
fountainpens,professional/hobbies,writing
handwriting,professional/hobbies,writing
justrolledintotheshop,professional/hobbies,automotive
autos,professional/hobbies,automotive
roadcam,professional/hobbies,automotive
subaru,professional/hobbies,automotive
teslamotors,professional/hobbies,automotive
bmw,professional/hobbies,automotive
web_design,technology,coding/programing
militaryporn,professional/hobbies,army
combatfootage,professional/hobbies,army
army,professional/hobbies,army
ar15,professional/hobbies,army
forhire,professional/hobbies,
guitar,music,instruments
wearethemusicmakers,music,
urbanexploration,professional/hobbies,outdoors
camping,professional/hobbies,outdoors
campinggear,professional/hobbies,outdoors
hiking,professional/hobbies,outdoors
photography,professional/hobbies,photography/film
itookapicture,professional/hobbies,photography/film
filmmakers,professional/hobbies,photography/film
analog,professional/hobbies,photography/film
photocritique,professional/hobbies,photography/film
aviation,professional/hobbies,planes
flying,professional/hobbies,planes
sysadmin,technology,computers
compsci,education,science/math
webdev,technology,coding/programing
mechanicalkeyboards,technology,computers
multicopter,technology,machines
python,technology,coding/programing
java,technology,coding/programing
buildapc,technology,computers
buildapcforme,technology,computers
knifeclub,professional/hobbies,army
lifeprotips,advice/sharing,
lifehacks,advice/sharing,
rainmeter,technology,computers
homeimprovement,professional/hobbies,make stuff
homelab,professional/hobbies,make stuff
adhd,advice/sharing,mental health
totallynotrobots,advice/sharing,funny
teachers,education,social science/humanities
lgbt,lifestyle,gender/sexuality
gaybros,lifestyle,gender/sexuality
bisexual,lifestyle,gender/sexuality
ainbow,lifestyle,gender/sexuality
gay,lifestyle,gender/sexuality
asktransgender,lifestyle,gender/sexuality
transgender,lifestyle,gender/sexuality
babybumps,advice/sharing,social/relations
stopdrinking,advice/sharing,mental health
wine,lifestyle,food/drinks
homebrewing,lifestyle,food/drinks
trees,lifestyle,smoking/drugs
marijuana,lifestyle,smoking/drugs
drugs,lifestyle,smoking/drugs
lsd,lifestyle,smoking/drugs
stopsmoking,advice/sharing,mental health
shrooms,lifestyle,smoking/drugs
dmt,lifestyle,smoking/drugs
psychonaut,advice/sharing,feelings/psyco
keto,lifestyle,food/drinks
yoga,sports,
bjj,sports,
crossfit,sports,
weightroom,sports,
powerlifting,sports,
bodyweightfitness,sports,
makeupaddiction,lifestyle,fashion/beauty
fancyfollicles,lifestyle,fashion/beauty
tattoos,lifestyle,fashion/beauty
thriftstorehauls,lifestyle,fashion/beauty
streetwear,lifestyle,fashion/beauty
supremeclothing,lifestyle,fashion/beauty
fashionreps,lifestyle,fashion/beauty
goodyearwelt,lifestyle,fashion/beauty
food,lifestyle,food/drinks
nutrition,lifestyle,food/drinks
smoking,lifestyle,food/drinks
eatcheapandhealthy,lifestyle,food/drinks
vegan,lifestyle,food/drinks
healthyfood,lifestyle,food/drinks
fasting,lifestyle,food/drinks
coffee,lifestyle,food/drinks
recipes,lifestyle,food/drinks
realestate,professional/hobbies,money
flipping,professional/hobbies,money
wallstreetbets,professional/hobbies,money
weedstocks,professional/hobbies,money
buyitforlife,professional/hobbies,money
buddhism,lifestyle,religion/beliefs
occult,lifestyle,religion/beliefs
atheism,lifestyle,religion/beliefs
christianity,lifestyle,religion/beliefs
exmormon,lifestyle,religion/beliefs
catholicism,lifestyle,religion/beliefs
philosophy,education,social science/humanities
weddingplanning,advice/sharing,social/relations
raisedbynarcissists,advice/sharing,feelings/psyco
dirtyr4r,advice/sharing,social/relations
nofap,advice/sharing,mental health
polyamory,lifestyle,religion/beliefs
happy,advice/sharing,feelings/psyco
pcmasterrace,technology,computers
jailbreak,technology,internet/apps
php,technology,computers
3dprinting,technology,machines
nintendo,technology,computers
amd,technology,computers
nvidia,technology,computers
photoshop,technology,internet/apps
firefox,technology,internet/apps
android,technology,smartphones
androidapps,technology,internet/apps
androidgaming,technology,smartphones
oneplus,technology,smartphones
apple,technology,machines
ipad,technology,machines
gadgets,technology,machines
raspberry_pi,technology,machines
electronics,technology,machines
retropie,technology,machines
hardwareswap,technology,machines
linux,technology,computers
linux_gaming,technology,computers
linuxmasterrace,technology,computers
archlinux,technology,computers
windows10,technology,computers
windows,technology,computers
excel,technology,computers
dataisbeautiful,technology,
bitcoin,technology,digital currency
dogecoin,technology,digital currency
Community,entertainment,TV
ethtrader,technology,digital currency
btc,technology,digital currency
litecoin,technology,digital currency
monero,technology,digital currency
headphones,technology,machines
jokes,entertainment,humor
wordavalanches,entertainment,humor
copypasta,entertainment,humor
trippinthroughtime,entertainment,humor
bikinibottomtwitter,entertainment,humor
dankmemes,entertainment,humor
madlads,entertainment,humor
memeeconomy,entertainment,humor
rarepuppers,entertainment,humor
wholesomememes,entertainment,humor
dankchristianmemes,entertainment,humor
trebuchetmemes,entertainment,humor
overwatch_memes,entertainment,humor
kappa,video games,
meirl,entertainment,humor
2meirl4meirl,entertainment,humor
animalsbeingjerks,advice/sharing,funny
sneks,professional/hobbies,animales/nature
dogs,professional/hobbies,animales/nature
conspiracy,advice/sharing,stories sharing
scp,advice/sharing,stories sharing
blunderyears,advice/sharing,stories sharing
fellowkids,advice/sharing,funny
thathappened,advice/sharing,stories sharing
topmindsofreddit,advice/sharing,stories sharing
iamverysmart,advice/sharing,funny
justneckbeardthings,advice/sharing,funny
iamverybadass,advice/sharing,funny
aww,advice/sharing,funny
blep,advice/sharing,funny
streetfights,advice/sharing,stories sharing
mildlyinfuriating,advice/sharing,funny
imgoingtohellforthis,advice/sharing,funny
toosoon,advice/sharing,funny
trashy,advice/sharing,stories sharing
morbidreality,advice/sharing,stories sharing
horror,entertainment,movies
creepy,entertainment,humor
freegamesonsteam,video games,
googleplaydeals,technology,internet/apps
random_acts_of_pizza,advice/sharing,social/relations
bigdickproblems,lifestyle,gender/sexuality
twoxchromosomes,lifestyle,gender/sexuality
mapporn,geographics,
vexillology,geographics,
southafrica,geographics,countries
europe,geographics,countries
ireland,geographics,countries
thenetherlands,geographics,countries
denmark,geographics,countries
belgium,geographics,countries
scotland,geographics,countries
germany,geographics,countries
german,culture/art,languages
anormaldayinrussia,geographics,countries
unitedkingdom,geographics,countries
london,geographics,cities
casualuk,geographics,countries
canada,geographics,countries
toronto,geographics,cities
canadapolitics,news/politics,politics
calgary,geographics,cities
murica,geographics,countries
nyc,geographics,cities
chicago,geographics,cities
portland,geographics,cities
boston,geographics,cities
atlanta,geographics,cities
philadelphia,geographics,cities
newjersey,geographics,cities
minnesota,geographics,cities
michigan,geographics,regions
losangeles,geographics,cities
sanfrancisco,geographics,cities
california,geographics,regions
denver,geographics,cities
colorado,geographics,regions
waltdisneyworld,entertainment,
austin,geographics,cities
houston,geographics,cities
texas,geographics,regions
dallas,geographics,cities
seattle,geographics,cities
australia,geographics,countries
newzealand,geographics,countries
melbourne,geographics,cities
sydney,geographics,cities
philippines,geographics,countries
india,geographics,countries
singapore,geographics,countries
china,geographics,countries
hongkong,geographics,regions
japan,geographics,countries
korea,geographics,countries
circlejerk,advice/sharing,general_qna
subredditdrama,advice/sharing,stories sharing
shitredditsays,advice/sharing,social/relations
jesuschristreddit,advice/sharing,
karmacourt,advice/sharing,
shitamericanssay,advice/sharing,funny
bestof,,
findareddit,advice/sharing,general_qna
tipofmytongue,advice/sharing,general_qna
frisson,advice/sharing,
asmr,advice/sharing,health
earthporn,professional/hobbies,animales/nature
succulents,professional/hobbies,animales/nature
natureismetal,professional/hobbies,animales/nature
news,news/politics,news
nottheonion,news/politics,news
upliftingnews,news/politics,news
gamernews,news/politics,news
energy,news/politics,news
politics,news/politics,politics
libertarian,news/politics,politics
anarchism,news/politics,politics
socialism,news/politics,politics
conservative,news/politics,politics
politicaldiscussion,news/politics,politics
ukpolitics,news/politics,politics
communism,news/politics,politics
completeanarchy,news/politics,politics
the_donald,news/politics,politics
latestagecapitalism,news/politics,politics
anarcho_capitalism,news/politics,politics
sandersforpresident,news/politics,politics
esist,news/politics,politics
fuckthealtright,news/politics,politics
liberal,news/politics,politics
enoughtrumpspam,news/politics,politics
marchagainsttrump,news/politics,politics
nostalgia,advice/sharing,funny
outside,video games,survival video game
hailcorporate,advice/sharing,stories sharing
im14andthisisdeep,advice/sharing,funny
shitpost,advice/sharing,funny
oddlysatisfying,advice/sharing,
firstworldproblems,advice/sharing,stories sharing
catastrophicfailure,advice/sharing,stories sharing
the_pack,BIZZAR,BIZZAR
ooer,BIZZAR,BIZZAR
seahawks,sports,football
nygiants,sports,football
denverbroncos,sports,football
detroitlions,sports,football
browns,sports,football
steelers,sports,football
49ers,sports,football
chicubs,sports,baseball
clevelandcavs,sports,basketball
panthers,sports,football
dynastyff,sports,football
cowboys,sports,football
fifa,sports,soccer
nba2k,sports,basketball
falcons,sports,football
nhlhut,video games,sport/cars/planes video games
sixers,sports,basketball
chibears,sports,football
nyknicks,sports,basketball
oaklandraiders,sports,football
miamidolphins,sports,football
canucks,sports,hockey
redskins,sports,football
bostonbruins,sports,hockey
mcfc,sports,soccer
chicagobulls,sports,basketball
torontobluejays,sports,baseball
rockets,sports,basketball
colts,sports,football
askthe_donald,news/politics,politics
switzerland,geographics,countries
kossacks_for_sanders,news/politics,politics
lifeafternarcissism,advice/sharing,feelings/psyco
goldandblack,news/politics,politics
socialjusticeinaction,news/politics,politics
bannedfromthe_donald,news/politics,politics
sargonofakkad,news/politics,news
chapotraphouse,news/politics,politics
metacanada,news/politics,politics
fullcommunism,lifestyle,religion/beliefs
inthenews,news/politics,news
edmonton,geographics,cities
winnipeg,geographics,cities
leftwithoutedge,news/politics,politics
birmingham,geographics,cities
gamerghazi,lifestyle,religion/beliefs
entj,advice/sharing,feelings/psyco
republican,news/politics,politics
politicalvideo,news/politics,politics
debatefascism,news/politics,politics
trendingsubreddits,,
maryland,geographics,regions
rightwinglgbt,news/politics,politics
thedavidpakmanshow,news/politics,news
timbers,sports,soccer
asktrumpsupporters,news/politics,politics
edmontonoilers,sports,hockey
alaska,geographics,countries
wayofthebern,news/politics,politics
russia,geographics,countries
babymetal,music,artists/bands
destiny,news/politics,politics
gamephysics,video games,
wisconsin,geographics,regions
ggfreeforall,news/politics,news
kuwait,geographics,countries
chivalrygame,video games,adventure/exploration video games
weezer,music,artists/bands
mlplounge,culture/art,books/magazines
gratefuldead,music,artists/bands
newtubers,entertainment,youtube
phish,music,artists/bands
theweeknd,music,artists/bands
alanon,advice/sharing,mental health
lovelive,entertainment,anime/manga
coldplay,music,artists/bands
electricforest,music,shows/festivals
vita,technology,video game devices
noveltranslations,culture/art,books/magazines
bangtan,music,artists/bands
oculus,technology,machines
cardinals,sports,baseball
qotsa,music,artists/bands
giantbomb,video games,
findaunit,video games,first-person shooter video games
borrow,professional/hobbies,money
barstoolsports,sports,
nier,video games,role playing video games
newfoundland,geographics,regions
steam,video games,
nlsscirclejerk,video games,video gamers/twitchers
tagpro,video games,
redhotchilipeppers,music,artists/bands
wot,culture/art,books/magazines
dryalcoholics,advice/sharing,mental health
wiiu,technology,video game devices
irstudies,education,social science/humanities
rit,education,universities/colleges
hardstyle,music,genres
twobestfriendsplay,video games,video gamers/twitchers
metallica,music,artists/bands
nin,music,artists/bands
robotics,technology,machines
twentyonepilots,music,artists/bands
qualitynews,news/politics,news
porterrobinson,music,artists/bands
greenday,music,artists/bands
pennystocks,professional/hobbies,money
synthesizers,music,instruments
avengedsevenfold,music,artists/bands
mpselectminiowners,technology,machines
hamiltonmusical,music,shows/festivals
gamingpc,technology,video game devices
delaware,geographics,regions
transit,professional/hobbies,
animalcollective,music,artists/bands
fantasyhockey,video games,sport/cars/planes video games
realtech,technology,
mylittleandysonic1,culture/art,books/magazines
touhou,entertainment,anime/manga
ftc,technology,machines
monstercat,music,
cigars,lifestyle,smoking/drugs
twitchplayspokemon,video games,pokemon
uwmadison,education,universities/colleges
dancegavindance,music,artists/bands
blink182,music,artists/bands
mdma,lifestyle,smoking/drugs
deadmau5,music,artists/bands
cineshots,entertainment,movies
gaming,entertainment,games
nightinthewoods,video games,adventure/exploration video games
vegaslocals,geographics,cities
psp,technology,video game devices
dayz,video games,survival video game
airforce,professional/hobbies,army
soundersfc,sports,soccer
assettocorsa,video games,sport/cars/planes video games
vive,technology,machines
feedthebeast,video games,strategy/social simulation video game
uiuc,education,universities/colleges
mechmarket,technology,computers
golang,technology,coding/programing
uwaterloo,education,universities/colleges
tf2,video games,first-person shooter video games
xboxone,technology,video game devices
pokemongo,video games,pokemon
starcitizen,video games,first-person shooter video games
nintendoswitch,technology,video game devices
futurebeatproducers,music,genres
myog,professional/hobbies,outdoors
conanexiles,video games,survival video game
machinists,technology,machines
astroneer,video games,adventure/exploration video games
nerdcubed,video games,video gamers/twitchers
egypt,geographics,countries
vmware,technology,computers
ruby,technology,coding/programing
koreanvariety,entertainment,
ftm,lifestyle,
longevity,advice/sharing,
paradoxplaza,entertainment,
gamingcirclejerk,entertainment,
dishonored,entertainment,
osu,education,
node,technology,coding/programing
rocketleague,video games,sport/cars/planes video games
misc,,
womenfortrump,news/politics,politics
random_acts_of_amazon,technology,internet/apps
yorku,education,universities/colleges
lebanon,geographics,countries
winnipegjets,sports,hockey
monsterhunterrage,video games,role playing video games
freemasonry,lifestyle,
samandtolki,video games,video gamers/twitchers
starbound,video games,adventure/exploration video games
cringeanarchy,advice/sharing,stories sharing
mcservers,technology,computers
usa,geographics,countries
ice_poseidon,video games,video gamers/twitchers
unturned,video games,survival video game
asktrp,advice/sharing,social/relations
starwarsrebels,entertainment,TV
teamsesh,music,artists/bands
uncensorship,news/politics,news
stonerphilosophy,advice/sharing,feelings/psyco
thesims,video games,strategy/social simulation video game
7daystodie,video games,survival video game
bookclub,culture/art,books/magazines
audio,technology,machines
usmc,professional/hobbies,army
hawks,sports,hockey
ps3,technology,video game devices
morrowind,video games,role playing video games
sadboys,music,artists/bands
just_post,,
latin,education,social science/humanities
konmari,lifestyle,religion/beliefs
cuboulder,education,universities/colleges
dwarffortress,video games,strategy/social simulation video game
doom,video games,first-person shooter video games
ghostrecon,video games,
maine,geographics,regions
ark,video games,survival video game
askfeminists,lifestyle,gender/sexuality
locksmith,technology,
2007scape,video games,role playing video games
240sx,professional/hobbies,automotive
24hoursupport,technology,computers
2b2t,video games,strategy/social simulation video game
3dshacks,technology,video game devices
40klore,culture/art,books/magazines
40krpg,video games,role playing video games
52weeksofcooking,lifestyle,food/drinks
9b9t,video games,strategy/social simulation video game
acadiana,geographics,regions
aceattorney,video games,adventure/exploration video games
acecombat,video games,sport/cars/planes video games
aceofangels8,music,artists/bands
acmilan,sports,soccer
act,education,universities/colleges
actrade,video games,
adamcarolla,entertainment,humor
adultswim,entertainment,TV
advancedrunning,sports,
afl,sports,football
aggies,geographics,regions
airsoftmarket,professional/hobbies,army
albania,geographics,countries
alberta,geographics,regions
albuquerque,geographics,cities
aleague,sports,football
alienisolation,video games,survival video game
amateur_boxing,sports,
amisexy,advice/sharing,feelings/psyco
anaheimducks,sports,hockey
anchorage,geographics,regions
androidcirclejerk,technology,internet/apps
androidtv,technology,internet/apps
animalcrossing,video games,strategy/social simulation video game
antiques,professional/hobbies,
anythinggoesnews,news/politics,news
aoe2,video games,strategy/social simulation video game
aphextwin,music,artists/bands
apocalypserising,video games,first-person shooter video games
apolloapp,technology,internet/apps
arabs,lifestyle,religion/beliefs
araragi,entertainment,anime/manga
arcticmonkeys,music,artists/bands
arizona,geographics,regions
arma,video games,first-person shooter video games
armenia,geographics,countries
arumba07,video games,video gamers/twitchers
asexual,lifestyle,gender/sexuality
asexuality,lifestyle,gender/sexuality
ashens,entertainment,humor
asianamerican,advice/sharing,social/relations
askdocs,advice/sharing,health
askseddit,advice/sharing,social/relations
askstatistics,education,science/math
aspergers,advice/sharing,mental health
astros,sports,baseball
asu,education,universities/colleges
atlantahawks,sports,basketball
atlantaunited,sports,soccer
att,technology,
auburn,education,universities/colleges
audi,professional/hobbies,automotive
autechre,music,artists/bands
autonewspaper,news/politics,news
avfc,sports,soccer
avoid5,advice/sharing,
aws,technology,internet/apps
ayymd,technology,computers
azcardinals,sports,hockey
azirmains,video games,MOBA video games
aznidentity,advice/sharing,social/relations
backyardchickens,professional/hobbies,animales/nature
bakchodi,advice/sharing,funny
bakersfield,geographics,cities
balisong,professional/hobbies,
baltimore,geographics,cities
barca,sports,soccer
barcelona,geographics,cities
bardmains,video games,MOBA video games
bassnectar,music,artists/bands
batmanarkham,video games,adventure/exploration video games
battlecats,video games,
battlefield,video games,first-person shooter video games
baylor,education,universities/colleges
bdsm,lifestyle,gender/sexuality
bdsmcommunity,advice/sharing,mental health
bdsmpersonals,advice/sharing,social/relations
beachcity,entertainment,TV
beadsprites,professional/hobbies,make stuff
beatmatch,music,instruments
beauty,lifestyle,fashion/beauty
beautyboxes,lifestyle,fashion/beauty
beekeeping,professional/hobbies,animales/nature
berkeley,education,universities/colleges
beyondthebump,advice/sharing,social/relations
bih,geographics,countries
bikesgonewild,professional/hobbies,automotive
bindingofisaac,video games,role playing video games
bioniclelego,professional/hobbies,make stuff
bioshock,video games,first-person shooter video games
birthcontrol,advice/sharing,health
bitcoinall,technology,digital currency
blackdesertonline,video games,role playing video games
blackladies,advice/sharing,social/relations
bleach,entertainment,anime/manga
bloodborne,video games,role playing video games
bluejackets,sports,hockey
boardsofcanada,music,artists/bands
bombing,culture/art,images/gifs
borderlands,video games,role playing video games
borderlands2,video games,role playing video games
borussiadortmund,sports,soccer
bowling,sports,
bravefrontier,video games,role playing video games
brawlhalla,video games,
breath_of_the_wild,video games,adventure/exploration video games
britishcolumbia,geographics,regions
broadway,music,shows/festivals
buccaneers,sports,football
buffalo,geographics,cities
buffalobills,sports,football
buffalowizards,video games,strategy/social simulation video game
buffy,entertainment,TV
bulgaria,geographics,countries
bustypetite,advice/sharing,porn
c_programming,technology,coding/programing
cahideas,entertainment,games
calamariraceteam,professional/hobbies,automotive
calgaryflames,sports,hockey
canadaguns,professional/hobbies,animales/nature
canadients,lifestyle,food/drinks
cancer,advice/sharing,health
canes,sports,hockey
caps,sports,hockey
carav,music,
carletonu,education,universities/colleges
cascadia,geographics,regions
cfbofftopic,sports,football
chancetherapper,music,artists/bands
chattanooga,geographics,cities
cheatatmathhomework,education,science/math
chemhelp,education,science/math
cherokeexj,professional/hobbies,automotive
chinaglass,lifestyle,smoking/drugs
chronotrigger,video games,role playing video games
cigarettes,lifestyle,smoking/drugs
cincinnati,geographics,cities
cinema4d,technology,machines
civ,video games,strategy/social simulation video game
civex,video games,strategy/social simulation video game
clashofclans,video games,strategy/social simulation video game
clashroyale,video games,strategy/social simulation video game
clemson,education,universities/colleges
clg,video games,MOBA video games
cloud9,video games,
cmu,education,universities/colleges
codzombies,video games,first-person shooter video games
colombia,geographics,countries
coloradoavalanche,sports,hockey
columbia,education,universities/colleges
columbus,geographics,cities
comicswap,culture/art,books/magazines
competitiveoverwatch,video games,first-person shooter video games
computers,technology,computers
computerscience,education,science/math
conlangs,culture/art,languages
connery,video games,first-person shooter video games
consoledeals,technology,machines
costa_rica,geographics,countries
counting,advice/sharing,
coys,sports,soccer
cpp_questions,technology,coding/programing
crashbandicoot,video games,
cripplingalcoholism,advice/sharing,social/relations
crohnsdisease,advice/sharing,health
crucibleplaybook,video games,first-person shooter video games
crusaderkings,video games,strategy/social simulation video game
crusadersquest,video games,role playing video games
cubs,sports,baseball
cumsluts,advice/sharing,porn
czech,geographics,countries
dae,advice/sharing,general_qna
daftpunk,music,genres
dallasstars,sports,hockey
danganronpa,entertainment,anime/manga
dank_meme,advice/sharing,funny
darkestdungeon,video games,role playing video games
darksouls,video games,role playing video games
darksouls2,video games,role playing video games
darksouls3,video games,role playing video games
darts,sports,
dashcam,professional/hobbies,photography/film
dashpay,technology,digital currency
datguylirik,video games,video gamers/twitchers
davidbowie,music,artists/bands
dbxv,video games,role playing video games
dcfu,entertainment,
dcss,video games,role playing video games
dell,technology,computers
denvernuggets,sports,basketball
destinysherpa,video games,first-person shooter video games
destinythegame,video games,first-person shooter video games
detroit,geographics,cities
detroitredwings,sports,hockey
devils,sports,hockey
devoted,video games,strategy/social simulation video game
diablo,video games,role playing video games
diablo3,video games,role playing video games
diepio,video games,
digimon,entertainment,
dippingtobacco,lifestyle,smoking/drugs
dirtbikes,professional/hobbies,automotive
dirtybomb,video games,first-person shooter video games
dirtypenpals,advice/sharing,social/relations
dirtysmall,advice/sharing,porn
dirtysnapchat,lifestyle,gender/sexuality
discworld,culture/art,books/magazines
dks3builds,video games,role playing video games
dodgers,sports,baseball
dontstarve,video games,adventure/exploration video games
dota2,video games,MOBA video games
dotamasterrace,video games,MOBA video games
dragonquest,video games,role playing video games
drugstashes,lifestyle,smoking/drugs
drumcorps,music,instruments
dubai,geographics,cities
ducks,education,universities/colleges
duelyst,video games,card video games
dxm,lifestyle,smoking/drugs
earthbound,video games,role playing video games
ecigclassifieds,lifestyle,smoking/drugs
ecuador,geographics,countries
edh,entertainment,games
eesti,geographics,countries
ekkomains,video games,MOBA video games
elitedangerous,video games,sport/cars/planes video games
emacs,technology,computers
emeraldps2,video games,first-person shooter video games
endlessfrontier,video games,
englishlearning,culture/art,languages
enterthegungeon,video games,role playing video games
entwives,lifestyle,smoking/drugs
ericprydz,music,artists/bands
esperanto,culture/art,languages
esports,video games,sport/cars/planes video games
eternalcardgame,video games,card video games
ethereum,technology,digital currency
ethoslab,video games,video gamers/twitchers
eu4,video games,strategy/social simulation video game
evangelion,entertainment,anime/manga
eve,video games,role playing video games
evilleagueofevil,sports,football
exjw,lifestyle,religion/beliefs
exmuslim,lifestyle,religion/beliefs
f13thegame,video games,survival video game
factorio,video games,strategy/social simulation video game
faeria,video games,strategy/social simulation video game
fallout,video games,role playing video games
family,advice/sharing,social/relations
fandomnatural,entertainment,TV
fcbayern,sports,soccer
femdom,advice/sharing,porn
fencing,sports,
ffrecordkeeper,video games,role playing video games
ffxiv,video games,role playing video games
ffxv,video games,role playing video games
fifa17ut,video games,sport/cars/planes video games
fifacareers,video games,sport/cars/planes video games
fighters,video games,
finalfantasy,video games,role playing video games
finland,geographics,countries
fireemblem,video games,role playing video games
fireemblemheroes,video games,role playing video games
fivenightsatfreddys,video games,
flatearth,advice/sharing,funny
flightsim,video games,sport/cars/planes video games
floridagators,sports,football
flyers,sports,hockey
flyfishing,professional/hobbies,animales/nature
football,sports,soccer
foreveralonedating,advice/sharing,social/relations
forex,professional/hobbies,money
forhonor,video games,
forhonorknights,video games,
forhonorsamurai,video games,
forsen,video games,video gamers/twitchers
fortcollins,geographics,cities
foxes,professional/hobbies,animales/nature
frc,technology,machines
freecompliments,advice/sharing,feelings/psyco
freelance,professional/hobbies,
fsu,education,universities/colleges
ftlgame,video games,strategy/social simulation video game
fulfillmentbyamazon,professional/hobbies,money
fullmetalalchemist,entertainment,anime/manga
furry,culture/art,images/gifs
furry_irl,culture/art,images/gifs
futanari,advice/sharing,porn
futmobile,video games,sport/cars/planes video games
future_fight,video games,
gameboy,technology,video game devices
gamecollecting,technology,video game devices
gamesale,video games,
gameswap,technology,video game devices
gamindustri,video games,role playing video games
gatech,education,universities/colleges
gearvr,technology,machines
genderfluid,lifestyle,gender/sexuality
genderqueer,lifestyle,gender/sexuality
geologycareers,advice/sharing,
geometrydash,video games,
georgiabulldogs,sports,football
ghost_in_the_shell,entertainment,anime/manga
giftofgames,video games,
giivasunner,entertainment,youtube
giveaways,advice/sharing,
globaloffensive,video games,first-person shooter video games
glocks,professional/hobbies,army
gmod,video games,
godzilla,professional/hobbies,
golfgti,professional/hobbies,automotive
gonewild,advice/sharing,porn
goodlongposts,advice/sharing,
gradschool,education,universities/colleges
graffhelp,culture/art,images/gifs
granblue_en,video games,role playing video games
grandorder,video games,role playing video games
greece,geographics,countries
growcastle,video games,
gta,video games,adventure/exploration video games
guildrecruitment,video games,
guildwars2,video games,role playing video games
guineapigs,professional/hobbies,animales/nature
gundam,entertainment,anime/manga
gwent,video games,
h1z1,video games,survival video game
habs,sports,hockey
halflife,video games,first-person shooter video games
halo,video games,first-person shooter video games
halowars,video games,first-person shooter video games
hammers,sports,soccer
hapas,advice/sharing,social/relations
happytrees,culture/art,images/gifs
happywars,video games,role playing video games
hardcore,music,genres
haskell,technology,coding/programing
hawaii,geographics,countries
hearthstone,video games,card video games
heat,sports,basketball
hellointernet,entertainment,youtube
hentai,advice/sharing,porn
heroesandgenerals,video games,first-person shooter video games
heroesofthestorm,video games,MOBA video games
herpes,advice/sharing,health
hollowknight,video games,adventure/exploration video games
homeserver,technology,computers
homestuck,technology,internet/apps
homeworkhelp,education,
horizon,video games,role playing video games
hotlinemiami,video games,
hotwheels,professional/hobbies,
hsv,sports,soccer
htpc,technology,machines
hungary,geographics,countries
hunting,professional/hobbies,army
huskers,sports,football
hypothyroidism,advice/sharing,health
iastate,education,universities/colleges
ibo,education,universities/colleges
iceland,geographics,countries
imaginedragons,music,artists/bands
immigration,advice/sharing,general_qna
indianews,news/politics,news
indiaspeaks,advice/sharing,social/relations
indiegaming,video games,
indonesia,geographics,countries
indycar,professional/hobbies,automotive
ingress,video games,strategy/social simulation video game
instagram,technology,internet/apps
intelligence,news/politics,news
intj,advice/sharing,mental health
intp,advice/sharing,mental health
iosthemes,technology,smartphones
iran,geographics,countries
iranian,advice/sharing,social/relations
ironthronerp,video games,role playing video games
islam,lifestyle,religion/beliefs
israel,geographics,countries
jaguars,sports,football
jerma985,video games,video gamers/twitchers
jhinmains,video games,MOBA video games
jimsterling,video games,video gamers/twitchers
johnmayer,music,artists/bands
jordan,geographics,countries
judaism,lifestyle,religion/beliefs
k_on,entertainment,anime/manga
kamenrider,entertainment,anime/manga
kancolle,entertainment,anime/manga
kansascity,geographics,cities
kansascitychiefs,sports,football
katawashoujo,video games,strategy/social simulation video game
kcroyals,sports,baseball
kerbalspaceprogram,video games,sport/cars/planes video games
kidcudi,music,artists/bands
killingfloor,video games,first-person shooter video games
kindafunny,entertainment,
kingdomhearts,video games,role playing video games
kirby,video games,
knife_swap,professional/hobbies,army
knowyourshit,advice/sharing,
konosuba,entertainment,anime/manga
kurdistan,geographics,countries
lanadelrey,music,artists/bands
landscaping,professional/hobbies,animales/nature
latvia,geographics,countries
lawofattraction,lifestyle,religion/beliefs
lawschooladmissions,education,universities/colleges
leagueoflegends,video games,MOBA video games
leathercraft,professional/hobbies,make stuff
legaladviceuk,advice/sharing,general_qna
legendsoftomorrow,entertainment,TV
lexington,geographics,cities
lgbteens,lifestyle,gender/sexuality
lgbtnews,lifestyle,gender/sexuality
lgg4,technology,smartphones
ligamx,sports,soccer
lightnovels,entertainment,anime/manga
lincoln,geographics,cities
linuxactionshow,technology,internet/apps
lisathepainfulrpg,video games,role playing video games
lithuania,geographics,countries
littlewitchacademia,entertainment,anime/manga
lofihiphop,music,genres
londonontario,geographics,cities
longhornnation,sports,
lost,entertainment,TV
lsat,education,social science/humanities
luciomains,video games,first-person shooter video games
madeofstyrofoam,advice/sharing,mental health
madokamagica,entertainment,anime/manga
magic,professional/hobbies,
malaysia,geographics,countries
malazan,culture/art,books/magazines
manyatruenerd,video games,video gamers/twitchers
marchforscience,education,science/math
mariners,sports,baseball
mariokart,video games,sport/cars/planes video games
martialarts,sports,fighting
marvelpuzzlequest,video games,role playing video games
masseffect,entertainment,
mcgill,education,universities/colleges
mcpe,video games,strategy/social simulation video game
mega64,entertainment,TV
megaman,video games,role playing video games
metalgearsolid,video games,adventure/exploration video games
metroid,video games,adventure/exploration video games
michiganwolverines,sports,
mid_century,lifestyle,
mildlypenis,lifestyle,gender/sexuality
militaryfaq,professional/hobbies,army
milliondollarextreme,entertainment,humor
mindcrack,video games,video gamers/twitchers
minecraft,video games,strategy/social simulation video game
mini,professional/hobbies,automotive
miraculousladybug,entertainment,anime/manga
mkebucks,sports,basketball
mlbtheshow,video games,sport/cars/planes video games
mmorpg,video games,role playing video games
mobilelegends,video games,MOBA video games
mobilelegendsbb,video games,MOBA video games
mobilerepair,technology,computers
mobiusff,video games,role playing video games
modeltrains,professional/hobbies,make stuff
modestmouse,music,artists/bands
monsterhunter,video games,role playing video games
montreal,geographics,cities
mopeio,video games,
morocco,geographics,countries
motivation,advice/sharing,feelings/psyco
motorsportmanagerpc,video games,sport/cars/planes video games
mountandblade,video games,role playing video games
moviesuggestions,entertainment,movies
mst3k,entertainment,TV
msu,education,universities/colleges
mtgfinance,professional/hobbies,money
muse,music,artists/bands
mutantsandmasterminds,entertainment,games
mysterydungeon,video games,role playing video games
n64,technology,video game devices
nashville,geographics,cities
nature,professional/hobbies,animales/nature
navy,professional/hobbies,army
nbacirclejerk,sports,basketball
nbaspurs,sports,basketball
ncsu,education,universities/colleges
necrodancer,video games,role playing video games
nekoatsume,video games,
neopets,technology,internet/apps
nepal,geographics,countries
nerdfighters,advice/sharing,social/relations
nerf,professional/hobbies,
neu,education,universities/colleges
new_right,news/politics,politics
newyorkislanders,sports,hockey
newyorkmets,sports,baseball
nexus5x,technology,smartphones
nightvale,culture/art,books/magazines
nihilism,lifestyle,religion/beliefs
nikon,professional/hobbies,photography/film
nioh,video games,role playing video games
nirnpowers,video games,role playing video games
nissan,professional/hobbies,automotive
nmsgalactichub,,
nofapchristians,advice/sharing,mental health
nofilternews,news/politics,news
nomanshigh,video games,survival video game
nonbinary,lifestyle,gender/sexuality
northernireland,geographics,countries
northernlion,video games,video gamers/twitchers
norway,geographics,countries
nosillysuffix,,
notebooks,professional/hobbies,writing
npr,advice/sharing,stories sharing
nrl,sports,
nsfw411,advice/sharing,porn
nsfw_gif,advice/sharing,porn
nuclearthrone,video games,role playing video games
nyjets,sports,football
nyu,education,universities/colleges
nyyankees,sports,baseball
ockytop,sports,
ocpoetry,professional/hobbies,writing
ohio,geographics,regions
onepiecetc,video games,role playing video games
ontario,geographics,regions
opiates,lifestyle,smoking/drugs
opieandanthony,entertainment,TV
opticgaming,video games,sport/cars/planes video games
oregon,geographics,regions
orlando,geographics,cities
orlandomagic,sports,basketball
orovilledam,news/politics,news
osugame,video games,
ottawasenators,sports,hockey
ourflatworld,lifestyle,religion/beliefs
overwatch,video games,first-person shooter video games
overwatchlft,video games,first-person shooter video games
overwatchuniversity,video games,first-person shooter video games
padres,sports,baseball
pakistan,geographics,countries
paladins,video games,first-person shooter video games
palestine,geographics,countries
paragon,video games,MOBA video games
parahumans,culture/art,books/magazines
paris,geographics,cities
parrots,professional/hobbies,animales/nature
pathofexile,video games,role playing video games
paydaytheheist,video games,first-person shooter video games
pcgamingtechsupport,technology,video game devices
pebble,technology,smartphones
penguins,sports,hockey
pennstateuniversity,education,universities/colleges
peru,geographics,countries
pharmacy,advice/sharing,health
phillies,sports,baseball
phineasandferb,entertainment,TV
phoenix,geographics,cities
pickanandroidforme,technology,smartphones
picturegame,advice/sharing,stories sharing
pihole,technology,computers
pitchforkemporium,BIZZAR,BIZZAR
pittsburgh,geographics,cities
pixeldungeon,video games,role playing video games
pka,entertainment,TV
pkmntcgcollections,professional/hobbies,
pkmntcgtrades,professional/hobbies,
planetdolan,entertainment,youtube
planetside,video games,first-person shooter video games
playark,video games,survival video game
playrust,video games,survival video game
playstation,technology,video game devices
pokelandlegends,video games,pokemon
pokemongola,video games,pokemon
pokemonuranium,video games,pokemon
pokemoonsun,video games,pokemon
poland,geographics,countries
portal,technology,machines
postgradproblem,advice/sharing,social/relations
powerrangers,entertainment,
predators,sports,hockey
premed,education,science/math
premiere,technology,internet/apps
prolife,lifestyle,religion/beliefs
ps4,technology,video game devices
ps4deals,technology,video game devices
ptcgo,professional/hobbies,
pubattlegrounds,video games,
puertorico,geographics,countries
puppy101,professional/hobbies,animales/nature
purdue,education,universities/colleges
pussypass,lifestyle,gender/sexuality
puzzleanddragons,video games,role playing video games
rainbow6,video games,
ram_trucks,professional/hobbies,automotive
randomactsofcsgo,video games,first-person shooter video games
rangers,sports,hockey
rapbattles,music,genres
ravens,sports,football
rawdenim,lifestyle,fashion/beauty
razorbacks,sports,
rct,video games,strategy/social simulation video game
re_zero,entertainment,anime/manga
realgirls,advice/sharing,porn
recruitcs,video games,
redditorsinrecovery,advice/sharing,mental health
reds,sports,baseball
redsox,sports,baseball
redvsblue,entertainment,TV
regina,geographics,cities
residentevil,video games,survival video game
retrogaming,video games,
revelationmmo,video games,role playing video games
rimworld,video games,strategy/social simulation video game
ripcity,sports,baseball
rivalsofaether,video games,
roast_me,advice/sharing,funny
roastmycar,professional/hobbies,automotive
roblox,technology,internet/apps
robocraft,video games,
robotwars,entertainment,TV
rocketleagueexchange,video games,
roguelikes,video games,role playing video games
rojava,geographics,countries
roleplay,professional/hobbies,writing
rolltide,sports,football
rotmg,video games,role playing video games
rpgdesign,technology,computers
rpi,education,universities/colleges
runescape,video games,role playing video games
rush,music,artists/bands
rust,technology,coding/programing
rutgers,education,universities/colleges
ryerson,education,universities/colleges
sabaton,music,artists/bands
sabres,sports,hockey
saints,sports,football
sakuragakuin,music,artists/bands
saltlakecity,geographics,cities
samsung,technology,smartphones
samuraijack,entertainment,TV
sanjosesharks,sports,hockey
sat,education,universities/colleges
saudiarabia,geographics,countries
schalke04,sports,soccer
schoolidolfestival,video games,adventure/exploration video games
securityanalysis,professional/hobbies,money
securityguards,professional/hobbies,army
seedboxes,technology,computers
selfharm,advice/sharing,mental health
serbia,geographics,countries
sexsells,advice/sharing,porn
sfgiants,sports,baseball
shacomains,video games,MOBA video games
shittyama,advice/sharing,stories sharing
shittyideas,advice/sharing,stories sharing
shittyrainbow6,video games,
simonfraser,education,universities/colleges
singing,music,
sips,video games,video gamers/twitchers
sissies,advice/sharing,porn
sissyhypno,advice/sharing,porn
skrillex,music,artists/bands
skyrim,video games,role playing video games
slavelabour,,
slovenia,geographics,countries
smashbros,video games,
smite,video games,MOBA video games
snapchat,technology,internet/apps
snes,technology,video game devices
snsd,music,artists/bands
socialmedia,technology,internet/apps
softwaregore,advice/sharing,funny
sonicthehedgehog,entertainment,movies
sourcefed,entertainment,youtube
soylent,lifestyle,food/drinks
spaceengineers,video games,strategy/social simulation video game
spacexlounge,professional/hobbies,planes
spain,geographics,countries
spelunky,video games,role playing video games
spicy,lifestyle,food/drinks
spikes,entertainment,games
splatoon,video games,
srilanka,geographics,countries
ss13,video games,role playing video games
ssbpm,video games,
stalker,video games,first-person shooter video games
starcraft,video games,strategy/social simulation video game
stardewvalley,video games,role playing video games
stardustcrusaders,entertainment,anime/manga
stargate,entertainment,movies
starlightstage,video games,card video games
starvstheforcesofevil,entertainment,TV
starwarsspeculation,entertainment,
steamgameswap,video games,
steinsgate,entertainment,
stellaris,video games,strategy/social simulation video game
stephenking,culture/art,books/magazines
stlouis,geographics,cities
stlouisblues,sports,hockey
storyofseasons,video games,strategy/social simulation video game
straya,geographics,countries
streetfighter,video games,
streetwearstartup,lifestyle,fashion/beauty
stronglifts5x5,sports,
studentnurse,education,science/math
subnautica,video games,adventure/exploration video games
sugarlifestyleforum,advice/sharing,social/relations
suggestalaptop,technology,computers
summonerschool,video games,MOBA video games
summonerswar,video games,
suns,sports,baseball
supergirltv,entertainment,TV
superman,entertainment,
survivetheculling,video games,
swanseacity,sports,soccer
swgalaxyofheroes,video games,role playing video games
swift,technology,coding/programing
swimming,sports,
swordartonline,entertainment,anime/manga
symmetramains,video games,first-person shooter video games
tabletopgamedesign,entertainment,games
taekwondo,sports,fighting
taiwan,geographics,countries
takecareofmyplant,BIZZAR,BIZZAR
tampa,geographics,cities
tampabaylightning,sports,hockey
tampabayrays,sports,baseball
tankporn,professional/hobbies,army
tarot,lifestyle,religion/beliefs
team_liquid,video games,video gamers/twitchers
teamsolomid,video games,video gamers/twitchers
teemotalk,video games,MOBA video games
tennessee,geographics,regions
tennesseetitans,sports,football
terraria,video games,adventure/exploration video games
teslore,video games,role playing video games
test,BIZZAR,BIZZAR
texans,sports,football
thailand,geographics,countries
the_crew,video games,sport/cars/planes video games
the_donald_discuss,news/politics,politics
the_europe,news/politics,
thedarktower,culture/art,books/magazines
thedonald,news/politics,politics
theexpanse,entertainment,TV
thelastguardian,video games,adventure/exploration video games
thelastofus,video games,adventure/exploration video games
themassive,sports,soccer
thepapinis,news/politics,news
theredlion,,
thesilphroad,video games,pokemon
thestrokes,music,artists/bands
thevampirediaries,entertainment,TV
thunder,sports,basketball
ticktockmanitowoc,news/politics,news
timberwolves,sports,basketball
titanfall,video games,first-person shooter video games
tmbr,lifestyle,religion/beliefs
toastme,advice/sharing,feelings/psyco
tokyo,geographics,cities
toolband,music,artists/bands
tools,professional/hobbies,make stuff
toontown,video games,role playing video games
totallystraight,advice/sharing,porn
totalwar,video games,strategy/social simulation video game
towerofgod,entertainment,anime/manga
townofsalemgame,video games,
traaaaaaannnnnnnnnns,lifestyle,gender/sexuality
transdiy,lifestyle,gender/sexuality
transformation,advice/sharing,porn
transformers,entertainment,
transmogrification,video games,role playing video games
transpassing,advice/sharing,social/relations
treeofsavior,video games,role playing video games
tressless,lifestyle,fashion/beauty
truestl,video games,role playing video games
truewomensliberation,lifestyle,religion/beliefs
tsumtsum,entertainment,
tulsa,geographics,cities
turkey,geographics,countries
twice,music,artists/bands
twincities,geographics,cities
twinks,advice/sharing,porn
ubc,education,universities/colleges
ubreddit,education,universities/colleges
ucdavis,education,universities/colleges
ucf,education,universities/colleges
ucla,education,universities/colleges
uconn,education,universities/colleges
ucsc,education,universities/colleges
ucsd,education,universities/colleges
udub,education,universities/colleges
ufl,education,universities/colleges
uga,education,universities/colleges
ukraina,geographics,countries
ukraine,geographics,countries
ultrahardcore,video games,strategy/social simulation video game
umd,education,universities/colleges
undertale,video games,role playing video games
unearthedarcana,entertainment,games
unrealengine,technology,video game devices
unt,education,universities/colleges
uofm,education,universities/colleges
uofmn,education,universities/colleges
uoft,education,universities/colleges
uruguay,geographics,countries
usanews,news/politics,news
uscg,professional/hobbies,army
utahjazz,sports,basketball
utaustin,education,universities/colleges
uvic,education,universities/colleges
vainglorygame,video games,MOBA video games
vaping101,lifestyle,smoking/drugs
vermont,geographics,regions
videography,professional/hobbies,photography/film
vietnam,geographics,countries
vim,technology,coding/programing
vinesauce,video games,video gamers/twitchers
vintageapple,technology,computers
virginiatech,education,universities/colleges
vocaloid,music,instruments
vzla,geographics,countries
wahoostipi,sports,baseball
wales,geographics,countries
warframe,video games,role playing video games
wargame,video games,strategy/social simulation video game
warhammer30k,professional/hobbies,make stuff
warhammer40k,professional/hobbies,make stuff
warthunder,video games,
washingtonwizards,sports,baseball
watchinganime,entertainment,anime/manga
watercooling,technology,machines
weekendgunnit,professional/hobbies,army
weeklyplanetpodcast,entertainment,TV
weirdwheels,professional/hobbies,automotive
wellington,geographics,cities
whitesox,sports,baseball
wildhockey,sports,hockey
windowsphone,technology,smartphones
witcher,entertainment,
womensstreetwear,lifestyle,fashion/beauty
worldevents,news/politics,news
worldoftanks,video games,
worldpowers,,
wow,video games,role playing video games
wowguilds,video games,role playing video games
wowservers,video games,role playing video games
wsu,education,universities/colleges
wwesupercard,video games,card video games
xcom,video games,
xenoblade_chronicles,video games,role playing video games
xiaomi,technology,machines
xmen,entertainment,
xvcrosstrek,professional/hobbies,automotive
yiff,advice/sharing,porn
yugioh101,video games,card video games
zelda,video games,adventure/exploration video games
zeroescape,video games,adventure/exploration video games
zoophilia,lifestyle,gender/sexuality
zootopia,entertainment,movies
